{"cameraMode":{"drawMode":0,"name":"Shaded","section":"Shading Mode"},"sceneLighting":true,"audioPlay":false,"sceneViewState":{"showFog":true,"showMaterialUpdate":false,"showSkybox":true,"showFlares":true,"showImageEffects":true,"showParticleSystems":true},"in2DMode":false,"pivot":{"x":55.07460021972656,"y":-9.606317520141602,"z":-21.55194091796875},"rotation":{"x":-0.27689793705940249,"y":-0.039770033210515979,"z":0.011470256373286248,"w":-0.9600130319595337},"size":22.824399948120118,"orthographic":false}